"","date","total_guest"
"1",2015-07-01,225
"2",2015-07-02,190
"3",2015-07-03,116
"4",2015-07-04,181
"5",2015-07-05,113
"6",2015-07-06,154
"7",2015-07-07,114
"8",2015-07-08,139
"9",2015-07-09,169
"10",2015-07-10,120
"11",2015-07-11,209
"12",2015-07-12,150
"13",2015-07-13,173
"14",2015-07-14,69
"15",2015-07-15,208
"16",2015-07-16,208
"17",2015-07-17,287
"18",2015-07-18,317
"19",2015-07-19,116
"20",2015-07-20,266
"21",2015-07-21,152
"22",2015-07-22,258
"23",2015-07-23,250
"24",2015-07-24,144
"25",2015-07-25,407
"26",2015-07-26,104
"27",2015-07-27,347
"28",2015-07-28,75
"29",2015-07-29,109
"30",2015-07-30,200
"31",2015-07-31,145
"32",2015-08-01,242
"33",2015-08-02,109
"34",2015-08-03,387
"35",2015-08-04,102
"36",2015-08-05,300
"37",2015-08-06,146
"38",2015-08-07,281
"39",2015-08-08,425
"40",2015-08-09,184
"41",2015-08-10,436
"42",2015-08-11,239
"43",2015-08-12,261
"44",2015-08-13,222
"45",2015-08-14,659
"46",2015-08-15,398
"47",2015-08-16,201
"48",2015-08-17,384
"49",2015-08-18,200
"50",2015-08-19,138
"51",2015-08-20,227
"52",2015-08-21,164
"53",2015-08-22,301
"54",2015-08-23,173
"55",2015-08-24,319
"56",2015-08-25,253
"57",2015-08-26,241
"58",2015-08-27,212
"59",2015-08-28,186
"60",2015-08-29,228
"61",2015-08-30,203
"62",2015-08-31,219
"63",2015-09-01,211
"64",2015-09-02,261
"65",2015-09-03,351
"66",2015-09-04,333
"67",2015-09-05,507
"68",2015-09-06,291
"69",2015-09-07,299
"70",2015-09-08,201
"71",2015-09-09,363
"72",2015-09-10,269
"73",2015-09-11,360
"74",2015-09-12,394
"75",2015-09-13,131
"76",2015-09-14,282
"77",2015-09-15,213
"78",2015-09-16,319
"79",2015-09-17,574
"80",2015-09-18,631
"81",2015-09-19,402
"82",2015-09-20,241
"83",2015-09-21,444
"84",2015-09-22,179
"85",2015-09-23,306
"86",2015-09-24,432
"87",2015-09-25,483
"88",2015-09-26,383
"89",2015-09-27,111
"90",2015-09-28,180
"91",2015-09-29,199
"92",2015-09-30,376
"93",2015-10-01,224
"94",2015-10-02,299
"95",2015-10-03,422
"96",2015-10-04,387
"97",2015-10-05,363
"98",2015-10-06,347
"99",2015-10-07,331
"100",2015-10-08,312
"101",2015-10-09,405
"102",2015-10-10,499
"103",2015-10-11,196
"104",2015-10-12,380
"105",2015-10-13,175
"106",2015-10-14,125
"107",2015-10-15,423
"108",2015-10-16,662
"109",2015-10-17,264
"110",2015-10-18,222
"111",2015-10-19,397
"112",2015-10-20,182
"113",2015-10-21,226
"114",2015-10-22,172
"115",2015-10-23,183
"116",2015-10-24,293
"117",2015-10-25,291
"118",2015-10-26,170
"119",2015-10-27,85
"120",2015-10-28,256
"121",2015-10-29,216
"122",2015-10-30,197
"123",2015-10-31,380
"124",2015-11-01,107
"125",2015-11-02,134
"126",2015-11-03,110
"127",2015-11-04,101
"128",2015-11-05,98
"129",2015-11-06,180
"130",2015-11-07,193
"131",2015-11-08,88
"132",2015-11-09,145
"133",2015-11-10,85
"134",2015-11-11,102
"135",2015-11-12,96
"136",2015-11-13,113
"137",2015-11-14,77
"138",2015-11-15,47
"139",2015-11-16,118
"140",2015-11-17,116
"141",2015-11-18,258
"142",2015-11-19,99
"143",2015-11-20,288
"144",2015-11-21,179
"145",2015-11-22,65
"146",2015-11-23,262
"147",2015-11-24,108
"148",2015-11-25,68
"149",2015-11-26,88
"150",2015-11-27,236
"151",2015-11-28,132
"152",2015-11-29,38
"153",2015-11-30,76
"154",2015-12-01,76
"155",2015-12-02,86
"156",2015-12-03,138
"157",2015-12-04,252
"158",2015-12-05,910
"159",2015-12-06,121
"160",2015-12-07,52
"161",2015-12-08,208
"162",2015-12-09,276
"163",2015-12-10,110
"164",2015-12-11,95
"165",2015-12-12,88
"166",2015-12-13,31
"167",2015-12-14,60
"168",2015-12-15,42
"169",2015-12-16,62
"170",2015-12-17,78
"171",2015-12-18,90
"172",2015-12-19,190
"173",2015-12-20,75
"174",2015-12-21,91
"175",2015-12-22,141
"176",2015-12-23,121
"177",2015-12-24,183
"178",2015-12-25,139
"179",2015-12-26,250
"180",2015-12-27,246
"181",2015-12-28,206
"182",2015-12-29,318
"183",2015-12-30,473
"184",2015-12-31,262
"185",2016-01-01,105
"186",2016-01-02,356
"187",2016-01-03,125
"188",2016-01-04,134
"189",2016-01-05,76
"190",2016-01-06,85
"191",2016-01-07,85
"192",2016-01-08,116
"193",2016-01-09,102
"194",2016-01-10,78
"195",2016-01-11,59
"196",2016-01-12,115
"197",2016-01-13,72
"198",2016-01-14,164
"199",2016-01-15,165
"200",2016-01-16,131
"201",2016-01-17,71
"202",2016-01-18,84
"203",2016-01-19,178
"204",2016-01-20,98
"205",2016-01-21,92
"206",2016-01-22,238
"207",2016-01-23,136
"208",2016-01-24,65
"209",2016-01-25,140
"210",2016-01-26,100
"211",2016-01-27,188
"212",2016-01-28,146
"213",2016-01-29,160
"214",2016-01-30,112
"215",2016-01-31,59
"216",2016-02-01,97
"217",2016-02-02,104
"218",2016-02-03,134
"219",2016-02-04,171
"220",2016-02-05,249
"221",2016-02-06,441
"222",2016-02-07,263
"223",2016-02-08,180
"224",2016-02-09,141
"225",2016-02-10,140
"226",2016-02-11,194
"227",2016-02-12,594
"228",2016-02-13,375
"229",2016-02-14,208
"230",2016-02-15,160
"231",2016-02-16,128
"232",2016-02-17,547
"233",2016-02-18,149
"234",2016-02-19,407
"235",2016-02-20,213
"236",2016-02-21,215
"237",2016-02-22,189
"238",2016-02-23,118
"239",2016-02-24,195
"240",2016-02-25,287
"241",2016-02-26,492
"242",2016-02-27,397
"243",2016-02-28,264
"244",2016-02-29,163
"245",2016-03-01,198
"246",2016-03-02,258
"247",2016-03-03,204
"248",2016-03-04,415
"249",2016-03-05,241
"250",2016-03-06,128
"251",2016-03-07,248
"252",2016-03-08,189
"253",2016-03-09,264
"254",2016-03-10,205
"255",2016-03-11,324
"256",2016-03-12,260
"257",2016-03-13,206
"258",2016-03-14,195
"259",2016-03-15,189
"260",2016-03-16,185
"261",2016-03-17,346
"262",2016-03-18,384
"263",2016-03-19,443
"264",2016-03-20,448
"265",2016-03-21,376
"266",2016-03-22,302
"267",2016-03-23,269
"268",2016-03-24,655
"269",2016-03-25,503
"270",2016-03-26,236
"271",2016-03-27,229
"272",2016-03-28,360
"273",2016-03-29,237
"274",2016-03-30,310
"275",2016-03-31,454
"276",2016-04-01,211
"277",2016-04-02,208
"278",2016-04-03,205
"279",2016-04-04,379
"280",2016-04-05,201
"281",2016-04-06,444
"282",2016-04-07,376
"283",2016-04-08,361
"284",2016-04-09,436
"285",2016-04-10,238
"286",2016-04-11,364
"287",2016-04-12,285
"288",2016-04-13,348
"289",2016-04-14,394
"290",2016-04-15,321
"291",2016-04-16,344
"292",2016-04-17,317
"293",2016-04-18,372
"294",2016-04-19,264
"295",2016-04-20,411
"296",2016-04-21,295
"297",2016-04-22,527
"298",2016-04-23,373
"299",2016-04-24,360
"300",2016-04-25,306
"301",2016-04-26,322
"302",2016-04-27,347
"303",2016-04-28,510
"304",2016-04-29,545
"305",2016-04-30,407
"306",2016-05-01,197
"307",2016-05-02,514
"308",2016-05-03,171
"309",2016-05-04,254
"310",2016-05-05,522
"311",2016-05-06,261
"312",2016-05-07,310
"313",2016-05-08,285
"314",2016-05-09,298
"315",2016-05-10,260
"316",2016-05-11,250
"317",2016-05-12,528
"318",2016-05-13,493
"319",2016-05-14,327
"320",2016-05-15,388
"321",2016-05-16,408
"322",2016-05-17,403
"323",2016-05-18,227
"324",2016-05-19,522
"325",2016-05-20,459
"326",2016-05-21,391
"327",2016-05-22,262
"328",2016-05-23,214
"329",2016-05-24,318
"330",2016-05-25,217
"331",2016-05-26,526
"332",2016-05-27,199
"333",2016-05-28,188
"334",2016-05-29,370
"335",2016-05-30,321
"336",2016-05-31,337
"337",2016-06-01,262
"338",2016-06-02,530
"339",2016-06-03,401
"340",2016-06-04,310
"341",2016-06-05,196
"342",2016-06-06,372
"343",2016-06-07,268
"344",2016-06-08,386
"345",2016-06-09,455
"346",2016-06-10,405
"347",2016-06-11,211
"348",2016-06-12,409
"349",2016-06-13,251
"350",2016-06-14,331
"351",2016-06-15,431
"352",2016-06-16,312
"353",2016-06-17,640
"354",2016-06-18,278
"355",2016-06-19,246
"356",2016-06-20,394
"357",2016-06-21,256
"358",2016-06-22,202
"359",2016-06-23,266
"360",2016-06-24,429
"361",2016-06-25,176
"362",2016-06-26,470
"363",2016-06-27,358
"364",2016-06-28,281
"365",2016-06-29,192
"366",2016-06-30,383
"367",2016-07-01,377
"368",2016-07-02,307
"369",2016-07-03,257
"370",2016-07-04,325
"371",2016-07-05,229
"372",2016-07-06,319
"373",2016-07-07,355
"374",2016-07-08,328
"375",2016-07-09,324
"376",2016-07-10,240
"377",2016-07-11,377
"378",2016-07-12,270
"379",2016-07-13,274
"380",2016-07-14,372
"381",2016-07-15,329
"382",2016-07-16,399
"383",2016-07-17,290
"384",2016-07-18,411
"385",2016-07-19,224
"386",2016-07-20,310
"387",2016-07-21,457
"388",2016-07-22,282
"389",2016-07-23,473
"390",2016-07-24,300
"391",2016-07-25,387
"392",2016-07-26,257
"393",2016-07-27,324
"394",2016-07-28,343
"395",2016-07-29,246
"396",2016-07-30,450
"397",2016-07-31,265
"398",2016-08-01,508
"399",2016-08-02,322
"400",2016-08-03,324
"401",2016-08-04,406
"402",2016-08-05,364
"403",2016-08-06,376
"404",2016-08-07,336
"405",2016-08-08,504
"406",2016-08-09,275
"407",2016-08-10,311
"408",2016-08-11,422
"409",2016-08-12,380
"410",2016-08-13,515
"411",2016-08-14,331
"412",2016-08-15,410
"413",2016-08-16,381
"414",2016-08-17,339
"415",2016-08-18,474
"416",2016-08-19,391
"417",2016-08-20,459
"418",2016-08-21,354
"419",2016-08-22,449
"420",2016-08-23,267
"421",2016-08-24,351
"422",2016-08-25,360
"423",2016-08-26,383
"424",2016-08-27,313
"425",2016-08-28,377
"426",2016-08-29,354
"427",2016-08-30,295
"428",2016-08-31,269
"429",2016-09-01,409
"430",2016-09-02,364
"431",2016-09-03,370
"432",2016-09-04,283
"433",2016-09-05,390
"434",2016-09-06,206
"435",2016-09-07,227
"436",2016-09-08,427
"437",2016-09-09,438
"438",2016-09-10,245
"439",2016-09-11,362
"440",2016-09-12,330
"441",2016-09-13,305
"442",2016-09-14,240
"443",2016-09-15,610
"444",2016-09-16,431
"445",2016-09-17,238
"446",2016-09-18,343
"447",2016-09-19,413
"448",2016-09-20,427
"449",2016-09-21,380
"450",2016-09-22,368
"451",2016-09-23,300
"452",2016-09-24,276
"453",2016-09-25,297
"454",2016-09-26,582
"455",2016-09-27,227
"456",2016-09-28,244
"457",2016-09-29,341
"458",2016-09-30,567
"459",2016-10-01,373
"460",2016-10-02,293
"461",2016-10-03,386
"462",2016-10-04,301
"463",2016-10-05,376
"464",2016-10-06,549
"465",2016-10-07,399
"466",2016-10-08,264
"467",2016-10-09,408
"468",2016-10-10,330
"469",2016-10-11,276
"470",2016-10-12,468
"471",2016-10-13,552
"472",2016-10-14,336
"473",2016-10-15,263
"474",2016-10-16,550
"475",2016-10-17,404
"476",2016-10-18,255
"477",2016-10-19,235
"478",2016-10-20,496
"479",2016-10-21,535
"480",2016-10-22,388
"481",2016-10-23,364
"482",2016-10-24,277
"483",2016-10-25,294
"484",2016-10-26,285
"485",2016-10-27,374
"486",2016-10-28,686
"487",2016-10-29,508
"488",2016-10-30,416
"489",2016-10-31,319
"490",2016-11-01,336
"491",2016-11-02,256
"492",2016-11-03,441
"493",2016-11-04,461
"494",2016-11-05,380
"495",2016-11-06,189
"496",2016-11-07,648
"497",2016-11-08,138
"498",2016-11-09,130
"499",2016-11-10,280
"500",2016-11-11,408
"501",2016-11-12,292
"502",2016-11-13,231
"503",2016-11-14,248
"504",2016-11-15,149
"505",2016-11-16,225
"506",2016-11-17,302
"507",2016-11-18,402
"508",2016-11-19,270
"509",2016-11-20,160
"510",2016-11-21,268
"511",2016-11-22,138
"512",2016-11-23,164
"513",2016-11-24,215
"514",2016-11-25,390
"515",2016-11-26,247
"516",2016-11-27,151
"517",2016-11-28,181
"518",2016-11-29,182
"519",2016-11-30,123
"520",2016-12-01,308
"521",2016-12-02,411
"522",2016-12-03,389
"523",2016-12-04,177
"524",2016-12-05,251
"525",2016-12-06,180
"526",2016-12-07,237
"527",2016-12-08,498
"528",2016-12-09,227
"529",2016-12-10,215
"530",2016-12-11,79
"531",2016-12-12,123
"532",2016-12-13,123
"533",2016-12-14,109
"534",2016-12-15,166
"535",2016-12-16,266
"536",2016-12-17,215
"537",2016-12-18,128
"538",2016-12-19,181
"539",2016-12-20,146
"540",2016-12-21,171
"541",2016-12-22,245
"542",2016-12-23,284
"543",2016-12-24,256
"544",2016-12-25,170
"545",2016-12-26,373
"546",2016-12-27,458
"547",2016-12-28,317
"548",2016-12-29,333
"549",2016-12-30,519
"550",2016-12-31,171
"551",2017-01-01,270
"552",2017-01-02,379
"553",2017-01-03,256
"554",2017-01-04,185
"555",2017-01-05,193
"556",2017-01-06,241
"557",2017-01-07,171
"558",2017-01-08,175
"559",2017-01-09,134
"560",2017-01-10,163
"561",2017-01-11,104
"562",2017-01-12,239
"563",2017-01-13,192
"564",2017-01-14,387
"565",2017-01-15,126
"566",2017-01-16,261
"567",2017-01-17,104
"568",2017-01-18,327
"569",2017-01-19,237
"570",2017-01-20,174
"571",2017-01-21,242
"572",2017-01-22,159
"573",2017-01-23,326
"574",2017-01-24,140
"575",2017-01-25,321
"576",2017-01-26,208
"577",2017-01-27,289
"578",2017-01-28,241
"579",2017-01-29,139
"580",2017-01-30,193
"581",2017-01-31,113
"582",2017-02-01,275
"583",2017-02-02,239
"584",2017-02-03,236
"585",2017-02-04,306
"586",2017-02-05,161
"587",2017-02-06,207
"588",2017-02-07,144
"589",2017-02-08,125
"590",2017-02-09,290
"591",2017-02-10,391
"592",2017-02-11,277
"593",2017-02-12,420
"594",2017-02-13,371
"595",2017-02-14,295
"596",2017-02-15,274
"597",2017-02-16,256
"598",2017-02-17,436
"599",2017-02-18,288
"600",2017-02-19,277
"601",2017-02-20,311
"602",2017-02-21,189
"603",2017-02-22,273
"604",2017-02-23,325
"605",2017-02-24,317
"606",2017-02-25,559
"607",2017-02-26,365
"608",2017-02-27,277
"609",2017-02-28,200
"610",2017-03-01,270
"611",2017-03-02,629
"612",2017-03-03,264
"613",2017-03-04,179
"614",2017-03-05,328
"615",2017-03-06,269
"616",2017-03-07,223
"617",2017-03-08,162
"618",2017-03-09,394
"619",2017-03-10,354
"620",2017-03-11,333
"621",2017-03-12,208
"622",2017-03-13,336
"623",2017-03-14,286
"624",2017-03-15,369
"625",2017-03-16,335
"626",2017-03-17,317
"627",2017-03-18,255
"628",2017-03-19,262
"629",2017-03-20,287
"630",2017-03-21,286
"631",2017-03-22,163
"632",2017-03-23,271
"633",2017-03-24,340
"634",2017-03-25,297
"635",2017-03-26,241
"636",2017-03-27,340
"637",2017-03-28,159
"638",2017-03-29,268
"639",2017-03-30,323
"640",2017-03-31,423
"641",2017-04-01,294
"642",2017-04-02,196
"643",2017-04-03,427
"644",2017-04-04,258
"645",2017-04-05,442
"646",2017-04-06,399
"647",2017-04-07,291
"648",2017-04-08,444
"649",2017-04-09,588
"650",2017-04-10,380
"651",2017-04-11,296
"652",2017-04-12,302
"653",2017-04-13,543
"654",2017-04-14,486
"655",2017-04-15,489
"656",2017-04-16,361
"657",2017-04-17,369
"658",2017-04-18,249
"659",2017-04-19,284
"660",2017-04-20,296
"661",2017-04-21,465
"662",2017-04-22,452
"663",2017-04-23,326
"664",2017-04-24,253
"665",2017-04-25,209
"666",2017-04-26,530
"667",2017-04-27,371
"668",2017-04-28,533
"669",2017-04-29,694
"670",2017-04-30,302
"671",2017-05-01,411
"672",2017-05-02,317
"673",2017-05-03,400
"674",2017-05-04,506
"675",2017-05-05,527
"676",2017-05-06,435
"677",2017-05-07,260
"678",2017-05-08,388
"679",2017-05-09,395
"680",2017-05-10,290
"681",2017-05-11,405
"682",2017-05-12,310
"683",2017-05-13,373
"684",2017-05-14,277
"685",2017-05-15,485
"686",2017-05-16,259
"687",2017-05-17,289
"688",2017-05-18,356
"689",2017-05-19,537
"690",2017-05-20,458
"691",2017-05-21,305
"692",2017-05-22,370
"693",2017-05-23,295
"694",2017-05-24,523
"695",2017-05-25,657
"696",2017-05-26,389
"697",2017-05-27,278
"698",2017-05-28,464
"699",2017-05-29,282
"700",2017-05-30,464
"701",2017-05-31,331
"702",2017-06-01,471
"703",2017-06-02,543
"704",2017-06-03,464
"705",2017-06-04,288
"706",2017-06-05,344
"707",2017-06-06,249
"708",2017-06-07,273
"709",2017-06-08,650
"710",2017-06-09,472
"711",2017-06-10,293
"712",2017-06-11,425
"713",2017-06-12,360
"714",2017-06-13,239
"715",2017-06-14,323
"716",2017-06-15,421
"717",2017-06-16,371
"718",2017-06-17,434
"719",2017-06-18,296
"720",2017-06-19,369
"721",2017-06-20,330
"722",2017-06-21,304
"723",2017-06-22,340
"724",2017-06-23,400
"725",2017-06-24,364
"726",2017-06-25,375
"727",2017-06-26,399
"728",2017-06-27,361
"729",2017-06-28,434
"730",2017-06-29,373
"731",2017-06-30,415
"732",2017-07-01,416
"733",2017-07-02,350
"734",2017-07-03,412
"735",2017-07-04,402
"736",2017-07-05,273
"737",2017-07-06,421
"738",2017-07-07,402
"739",2017-07-08,328
"740",2017-07-09,468
"741",2017-07-10,421
"742",2017-07-11,382
"743",2017-07-12,396
"744",2017-07-13,414
"745",2017-07-14,290
"746",2017-07-15,565
"747",2017-07-16,344
"748",2017-07-17,443
"749",2017-07-18,317
"750",2017-07-19,221
"751",2017-07-20,306
"752",2017-07-21,323
"753",2017-07-22,432
"754",2017-07-23,366
"755",2017-07-24,476
"756",2017-07-25,317
"757",2017-07-26,365
"758",2017-07-27,344
"759",2017-07-28,374
"760",2017-07-29,503
"761",2017-07-30,294
"762",2017-07-31,426
"763",2017-08-01,403
"764",2017-08-02,347
"765",2017-08-03,383
"766",2017-08-04,389
"767",2017-08-05,360
"768",2017-08-06,337
"769",2017-08-07,469
"770",2017-08-08,316
"771",2017-08-09,333
"772",2017-08-10,326
"773",2017-08-11,289
"774",2017-08-12,430
"775",2017-08-13,342
"776",2017-08-14,389
"777",2017-08-15,366
"778",2017-08-16,444
"779",2017-08-17,477
"780",2017-08-18,422
"781",2017-08-19,432
"782",2017-08-20,330
"783",2017-08-21,370
"784",2017-08-22,223
"785",2017-08-23,282
"786",2017-08-24,349
"787",2017-08-25,418
"788",2017-08-26,395
"789",2017-08-27,384
"790",2017-08-28,391
"791",2017-08-29,248
"792",2017-08-30,194
"793",2017-08-31,293
